,name,width,length
0,g1.png,7724,7519
1,g2.png,7724,7519
2,g3.png,7724,7522
3,g4.png,7724,7522
4,g5.png,7724,7525
5,g6.png,7724,7525
6,h1.png,7017,7949
7,h10.png,7017,7959
8,h11.png,7017,7959
9,h12.png,7017,7959
10,h13.png,7017,7963
11,h14.png,7017,7963
12,h15.png,7017,7963
13,h2.png,7017,7949
14,h3.png,7017,7949
15,h4.png,7017,7952
16,h5.png,7017,7952
17,h6.png,7017,7952
18,h7.png,7017,7956
19,h8.png,7017,7956
20,h9.png,7017,7956
21,i1.png,6455,7911
22,i2.png,6455,7911
23,i3.png,6455,7915
24,i4.png,6455,7915
25,i5.png,6455,7919
26,i6.png,6455,7919
27,i7.png,6455,7922
28,i8.png,6455,7922
29,j1.png,7752,7980
30,j2.png,7752,7916
31,j3.png,7752,7916
32,j4.png,7752,7983
33,j5.png,7752,7983
34,j6.png,7752,7983
35,j7.png,7752,7987
36,j8.png,7752,7987
37,j9.png,7752,7987
